<?xml version="1.0" encoding="utf-8"?>
<modification>
  <name>Aditum</name>
  <code>aditum_payment</code>
  <version>1.0.0</version>
  <author>Aditum</author>
  <link>https://aditum.com.br</link>

  <file path="catalog/view/theme/*/template/common/success.twig">
    <operation>
      <search>
        <![CDATA[{{ continue }}]]>
      </search>
      <add position="before">
        <![CDATA[
        {% if url_boleto %}
        <div class="pull-left col-md-5">
          <a href="https://aditum.com.br" target="_blank"><img style="width: 300px;display:block;margin:auto;" src="https://aditum.com.br/wp-content/themes/aditum/images/hd-logo.png" /></a><br/>
          <a href="{{ url_boleto }}" style="margin: 15px auto;display:block;" class="btn btn-primary" target="_blank">CLIQUE AQUI PARA <strong>BAIXAR BOLETO</strong></a>
          <!-- Target -->
          <input style="text-align:center;width:100%;padding:5px;" id="foo" value="{{ linha_digitavel }}" disabled>
          <script src="https://cdnjs.cloudflare.com/ajax/libs/clipboard.js/2.0.8/clipboard.min.js"></script>
            <script>
              window.addEventListener('load', function(){
                new ClipboardJS('.btn');
                $('[data-clipboard-target]').click(function(){

                  $('#alert').prepend('<br/><div class="alert alert-success text-center"><i class="fa fa-exclamation-circle"></i><button type="button" class="close" data-dismiss="alert">&times;</button> Código de barras copiado!</div>');
                })

              })
            </script>
            <div id="alert"></div>
            <!-- Trigger -->
            <button data-clipboard-target style="margin-top:15px;display:flex;align-items:center;justify-content:space-between;width:100%;font-size:14px;text-transform:uppercase;" class="btn btn-success" data-clipboard-text="{{ linha_digitavel }}">
            <span></span> Copiar código de barras <svg xmlns="http://www.w3.org/2000/svg" width="20" height="20" fill="#fff" viewBox="0 0 448 512"><!-- Font Awesome Free 5.15.3 by @fontawesome - https://fontawesome.com License - https://fontawesome.com/license/free (Icons: CC BY 4.0, Fonts: SIL OFL 1.1, Code: MIT License) --><path d="M433.941 65.941l-51.882-51.882A48 48 0 0 0 348.118 0H176c-26.51 0-48 21.49-48 48v48H48c-26.51 0-48 21.49-48 48v320c0 26.51 21.49 48 48 48h224c26.51 0 48-21.49 48-48v-48h80c26.51 0 48-21.49 48-48V99.882a48 48 0 0 0-14.059-33.941zM266 464H54a6 6 0 0 1-6-6V150a6 6 0 0 1 6-6h74v224c0 26.51 21.49 48 48 48h96v42a6 6 0 0 1-6 6zm128-96H182a6 6 0 0 1-6-6V54a6 6 0 0 1 6-6h106v88c0 13.255 10.745 24 24 24h88v202a6 6 0 0 1-6 6zm6-256h-64V48h9.632c1.591 0 3.117.632 4.243 1.757l48.368 48.368a6 6 0 0 1 1.757 4.243V112z"/></svg>
            </button>
          </div>
        {% endif %}
        {% if qrCode %}
        <script src="https://cdnjs.cloudflare.com/ajax/libs/clipboard.js/2.0.8/clipboard.min.js"></script>
        <div class="pull-left col-md-5">
          <a href="https://aditum.com.br" target="_blank"><img style="width: 300px;display:block;margin:auto;" src="https://aditum.com.br/wp-content/themes/aditum/images/hd-logo.png" /></a><br/>
          <div class="pix-thankyou">
            <div class="codigo-qr">
                <h3>Pagar com código Copia e Cola:</h3>
                <div class="pix">
                  <div class="row">
                    <div class="col-md-9">
                      <input class="form-control" id="codigo" type="text" value="{{ qrCode }}">
                    </div>
                    <div class="col-md-3">
                      <button class="btn btn-success" data-clipboard-target="#codigo">
                          COPIAR CÓDIGO
                      </button>
                    </div>
                  </div>
                </div>
                <div id="msg-copy"></div>
                <script>
                    var clipboard = new ClipboardJS('.btn');
                    clipboard.on('success', function(e) {
                        e.clearSelection();
                        var msg = document.querySelector('#msg-copy');
                        msg.innerHTML = 'Código copiado!'
                        setTimeout(() => msg.innerHTML = '', 3000)
                    });
                </script>
                <div class="alert alert-error">O código Pix é válido por 30 minutos</div>
            </div>
            <div class="image-qr">  
                <h3>Pagar com QR Code:</h3>
                <div class="pix-qr">
                    <img width="300" src="data:image/jpg;base64,{{ qrCodeBase64 }}">
                </div>
                <div class="alert alert-error">O QR Code é válido por 30 minutos</div>      
            </div>
            <br/>
            <br/>
          </div>
        </div>
        {% endif %}
        ]]>
      </add>
    </operation>
  </file>

  <file path="catalog/controller/checkout/success.php">
    <operation>
      <search>
        <![CDATA[$data['header'] = $this->load->controller('common/header');]]>
      </search>
      <add position="after">
        <![CDATA[
        if(isset($_GET['order_id'])){
          $this->load->model('extension/payment/aditum');
          $aditum_data = json_decode($this->model_extension_payment_aditum->get_data($this->session->data['order_id']));
          if(isset($aditum_data->charge->transactions[0]->qrCode)) {
            $data['qrCode'] = $aditum_data->charge->transactions[0]->qrCode;
            $data['qrCodeBase64'] = $aditum_data->charge->transactions[0]->qrCodeBase64;
          }
          if(isset($aditum_data->charge->transactions[0]->bankSlipUrl)) {
            $urlBoleto = str_replace('/v2/', '', $url) . "{$aditum_data->charge->transactions[0]->bankSlipUrl}";
            $data['url_boleto'] = $urlBoleto;
            $data['linha_digitavel'] = $aditum_data->charge->transactions[0]->digitalLine;
          }
        }
        ]]>
      </add>
    </operation>
  </file>

</modification>
